STN_NO,STATION_NAME,LINE,AFC_CODE,INTERCHANGE,OPENED
1,MIYAPUR,RED,MYP,N,
2,JNTU COLLEGE,RED,JNT,N,
3,KPHB COLONY,RED,KPH,N,
4,KUKATPALLY,RED,KKP,N,
5,DR. B.R. AMBEDKAR BALANAGAR,RED,BLN,N,
6,MOOSAPET,RED,MSP,N,
7,BHARAT NAGAR,RED,BHN,N,
8,ERRAGADDA,RED,ERG,N,
9,ESI HOSPITAL,RED,ESI,N,
10,S.R. NAGAR,RED,SRN,N,
11,AMEERPET,RED/BLUE,AMP,Y,
12,PUNJAGUTTA,RED,PJG,N,
13,IRRUM MANZIL,RED,IRM,N,
14,KHAIRATABAD,RED,KTB,N,
15,LAKDIKAPUL,RED,LKP,N,
16,ASSEMBLY,RED,ASM,N,
17,NAMPALLY,RED,NMP,N,
18,GANDHI BHAVAN,RED,GBN,N,
19,OSMANIA MEDICAL COLLEGE,RED,OMC,N,
20,MG BUS STATION,RED/GREEN,MGB,Y,
21,MALAKPET,RED,MLP,N,
22,NEW MARKET,RED,NWM,N,
23,MUSARAMBAGH,RED,MRB,N,
24,DILSUKHNAGAR,RED,DSN,N,
25,CHAITANYAPURI,RED,CTP,N,
26,VICTORIA MEMORIAL,RED,VCM,N,
27,LB NAGAR,RED,LBN,N,
28,NAGOLE,BLUE,NGL,N,
29,UPPAL,BLUE,UPL,N,
30,STADIUM,BLUE,STD,N,
31,NGRI,BLUE,NGR,N,
32,HABSIGUDA,BLUE,HBG,N,
33,TARNAKA,BLUE,TRK,N,
34,METTUGUDA,BLUE,MTG,N,
35,SECUNDERABAD EAST,BLUE,SCE,N,
36,PARADE GROUND,BLUE/GREEN,PRG,Y,
37,PARADISE,BLUE,PRD,N,
38,RASOOLPURA,BLUE,RSP,N,
39,PRAKASH NAGAR,BLUE,PKN,N,
40,BEGUMPET,BLUE,BGP,N,
41,MADHURA NAGAR,BLUE,MDN,N,
42,YUSUFGUDA,BLUE,YSG,N,
43,ROAD NO. 5 JUBILEE HILLS,BLUE,JH5,N,
44,JUBILEE HILLS CHECK POST,BLUE,JHC,N,
45,PEDDAMMA GUDI,BLUE,PDG,N,
46,MADHAPUR,BLUE,MDP,N,
47,DURGAM CHERUVU,BLUE,DGC,N,
48,HITEC CITY,BLUE,HTC,N,
49,RAIDURG,BLUE,RDG,N,
50,JBS PARADE GROUND,GREEN,JBS,N,
51,SECUNDERABAD WEST,GREEN,SCW,N,
52,GANDHI HOSPITAL,GREEN,GDH,N,
53,MUSHEERABAD,GREEN,MSB,N,
54,RTC X ROADS,GREEN,RTC,N,
55,CHIKKADPALLY,GREEN,CKP,N,
56,NARAYANGUDA,GREEN,NRG,N,
57,SULTAN BAZAAR,GREEN,SBZ,N,
