source_system,source_code,station_id,notes
AFC,MYP,HM01,
AFC,JNT,HM02,
AFC,KPH,HM03,
AFC,KKP,HM04,
AFC,BLN,HM05,
AFC,MSP,HM06,
AFC,BHN,HM07,
AFC,ERG,HM08,
AFC,ESI,HM09,
AFC,SRN,HM10,
AFC,AMP,HM11,
AFC,PJG,HM12,
AFC,IRM,HM13,
AFC,KTB,HM14,
AFC,LKP,HM15,
AFC,ASM,HM16,
AFC,NMP,HM17,
AFC,GBN,HM18,
AFC,OMC,HM19,
AFC,MGB,HM20,
AFC,MLP,HM21,
AFC,NWM,HM22,
AFC,MRB,HM23,
AFC,DSN,HM24,
AFC,CTP,HM25,
AFC,VCM,HM26,
AFC,LBN,HM27,
AFC,NGL,HM28,
AFC,UPL,HM29,
AFC,STD,HM30,
AFC,NGR,HM31,
AFC,HBG,HM32,
AFC,TRK,HM33,
AFC,MTG,HM34,
AFC,SCE,HM35,
AFC,PRG,HM36,
AFC,PRD,HM37,
AFC,RSP,HM38,
AFC,PKN,HM39,
AFC,BGP,HM40,
AFC,MDN,HM41,
AFC,YSG,HM42,
AFC,JH5,HM43,
AFC,JHC,HM44,
AFC,PDG,HM45,
AFC,MDP,HM46,
AFC,DGC,HM47,
AFC,HTC,HM48,
AFC,RDM,HM49,renamed in AFC in 2025; was RDG
AFC,JBS,HM50,
AFC,SCW,HM51,
AFC,GDH,HM52,
AFC,MSB,HM53,
AFC,RTC,HM54,
AFC,CKP,HM55,
AFC,NRG,HM56,
AFC,SBZ,HM57,
QR,Miyapur,HM01,
QR,JNTU College,HM02,
QR,KPHB Colony,HM03,
QR,Kukatpally,HM04,
QR,Dr. B.R. Ambedkar Balanagar,HM05,
QR,Moosapet,HM06,
QR,Bharat Nagar,HM07,
QR,Erragadda,HM08,
QR,ESI Hospital,HM09,
QR,S.R. Nagar,HM10,
QR,Ameerpet,HM11,
QR,Ameerpet Interchange,HM11,spelling variant seen in QR traffic
QR,Punjagutta,HM12,
QR,Irrum Manzil,HM13,
QR,Khairatabad,HM14,
QR,Lakdikapul,HM15,
QR,Assembly,HM16,
QR,Nampally,HM17,
QR,Gandhi Bhavan,HM18,
QR,Osmania Medical College,HM19,
QR,MG Bus Station,HM20,
QR,MGBS,HM20,spelling variant seen in QR traffic
QR,Malakpet,HM21,
QR,New Market,HM22,
QR,Musarambagh,HM23,
QR,Dilsukhnagar,HM24,
QR,Chaitanyapuri,HM25,
QR,Victoria Memorial,HM26,
QR,LB Nagar,HM27,
QR,L.B. Nagar,HM27,spelling variant seen in QR traffic
QR,Nagole,HM28,
QR,Uppal,HM29,
QR,Stadium,HM30,
QR,NGRI,HM31,
QR,Habsiguda,HM32,
QR,Tarnaka,HM33,
QR,Mettuguda,HM34,
QR,Secunderabad East,HM35,
QR,Parade Ground,HM36,
QR,Parade Grounds,HM36,spelling variant seen in QR traffic
QR,Paradise,HM37,
QR,Rasoolpura,HM38,
QR,Prakash Nagar,HM39,
QR,Begumpet,HM40,
QR,Madhura Nagar,HM41,
QR,Yusufguda,HM42,
QR,Road No. 5 Jubilee Hills,HM43,
QR,Jubilee Hills Check Post,HM44,
QR,Peddamma Gudi,HM45,
QR,Madhapur,HM46,
QR,Durgam Cheruvu,HM47,
QR,HITEC City,HM48,
QR,Hitec City,HM48,spelling variant seen in QR traffic
QR,Raidurg,HM49,
QR,Raidurgam,HM49,spelling variant seen in QR traffic
QR,JBS Parade Ground,HM50,
QR,Secunderabad West,HM51,
QR,Gandhi Hospital,HM52,
QR,Musheerabad,HM53,
QR,RTC X Roads,HM54,
QR,Chikkadpally,HM55,
QR,Narayanguda,HM56,
QR,Sultan Bazaar,HM57,
